Metric,TF-IDF,BERT Embeddings
F1-score,0.6986111111111111,0.5144841269841269
Precision,0.73,0.5772727272727273
Recall,0.7,0.5
